group,doc,lang,region,units,hedge_per1k,booster_per1k,limitation_per1k,self_per1k,deontic_per1k,disclaimer_per1k,stat_sig_per1k,sentences,hedged_sent_pct,stacked_hedge_sent_pct,limitation_sent_pct,disclaimer_sent_pct,limitation_in_own_section_pct,booster_hedge_ratio
published_zh_cssci,private/zh/ZH01.txt,zh,all,12677,2.6,1.97,1.34,1.74,0.95,0.16,0.0,257,11.7,1.2,5.4,0.8,0.0,0.76
published_zh_cssci,private/zh/ZH01.txt,zh,dcl,3124,3.52,1.6,1.92,1.6,0.96,0.64,0.0,50,20.0,2.0,10.0,4.0,0.0,0.45
published_zh_cssci,private/zh/ZH02.txt,zh,all,12445,2.01,4.02,1.04,2.25,0.32,0.0,3.13,244,9.0,1.2,4.9,0.0,0.0,2.0
published_zh_cssci,private/zh/ZH02.txt,zh,dcl,2978,2.01,2.01,1.68,1.34,0.67,0.0,2.01,59,10.2,0.0,6.8,0.0,0.0,1.0
published_zh_cssci,private/zh/ZH03.txt,zh,all,9021,2.11,2.99,0.44,1.44,0.0,0.0,3.77,166,9.6,1.8,1.8,0.0,0.0,1.42
published_zh_cssci,private/zh/ZH03.txt,zh,dcl,2200,0.91,2.27,0.0,0.91,0.0,0.0,3.18,36,5.6,0.0,0.0,0.0,,2.49
published_zh_cssci,private/zh/ZH04.txt,zh,all,13186,4.02,2.5,1.67,1.52,1.06,0.0,0.68,243,17.3,3.7,7.8,0.0,0.0,0.62
published_zh_cssci,private/zh/ZH04.txt,zh,dcl,3588,3.9,1.11,1.95,1.95,0.56,0.0,0.0,59,23.7,0.0,10.2,0.0,0.0,0.28
published_zh_cssci,private/zh/ZH05.txt,zh,all,17629,0.79,0.96,0.28,1.7,0.51,0.0,0.06,334,4.2,0.0,1.5,0.0,0.0,1.22
published_zh_cssci,private/zh/ZH05.txt,zh,dcl,2035,0.0,0.49,0.49,1.47,0.0,0.0,0.0,27,0.0,0.0,3.7,0.0,0.0,
published_zh_cssci,private/zh/ZH06.txt,zh,all,10911,0.55,2.66,0.46,1.83,1.47,0.0,3.21,217,2.8,0.0,1.8,0.0,0.0,4.84
published_zh_cssci,private/zh/ZH06.txt,zh,dcl,3320,0.9,2.41,0.3,3.31,2.41,0.0,2.11,51,5.9,0.0,2.0,0.0,0.0,2.68
published_zh_cssci,private/zh/ZH07.txt,zh,all,7012,1.0,2.99,0.71,1.0,0.71,0.0,2.57,145,4.8,0.0,2.8,0.0,0.0,2.99
published_zh_cssci,private/zh/ZH07.txt,zh,dcl,1552,0.0,5.8,0.0,0.64,2.58,0.0,2.58,27,0.0,0.0,0.0,0.0,,
published_zh_cssci,private/zh/ZH08.txt,zh,all,7057,0.43,1.56,0.57,1.28,0.14,0.0,0.14,137,2.2,0.0,2.9,0.0,0.0,3.63
published_zh_cssci,private/zh/ZH08.txt,zh,dcl,1523,0.0,1.97,0.66,1.31,0.0,0.0,0.0,24,0.0,0.0,4.2,0.0,0.0,
published_zh_cssci,private/zh/ZH09.txt,zh,all,6922,0.29,5.49,0.58,5.2,0.29,0.0,3.47,184,1.1,0.0,2.2,0.0,0.0,18.93
published_zh_cssci,private/zh/ZH09.txt,zh,dcl,1054,0.0,7.59,0.95,4.74,1.9,0.0,2.85,27,0.0,0.0,3.7,0.0,0.0,
published_zh_cssci,private/zh/ZH10.txt,zh,all,11367,0.97,4.22,1.94,3.26,0.62,0.0,2.73,197,5.1,0.5,8.6,0.0,0.0,4.35
published_zh_cssci,private/zh/ZH10.txt,zh,dcl,3523,1.42,5.96,2.55,3.12,0.85,0.0,2.55,53,7.5,1.9,9.4,0.0,0.0,4.2
published_zh_cssci,private/zh/ZH11.txt,zh,all,13137,2.89,2.59,1.98,0.84,1.07,0.0,1.29,168,16.1,6.0,13.7,0.0,0.0,0.9
published_zh_cssci,private/zh/ZH11.txt,zh,dcl,3056,0.33,2.95,1.64,0.33,1.64,0.0,0.33,42,2.4,0.0,11.9,0.0,0.0,8.94
published_zh_cssci,private/zh/ZH12.txt,zh,all,10277,1.36,1.46,0.1,0.29,0.78,0.0,0.78,179,7.8,0.0,0.6,0.0,0.0,1.07
published_zh_cssci,private/zh/ZH12.txt,zh,dcl,3451,0.58,1.74,0.29,0.29,1.16,0.0,1.16,62,3.2,0.0,1.6,0.0,0.0,3.0
published_zh_cssci,private/zh/ZH13.txt,zh,all,9316,0.86,3.43,1.72,1.61,0.0,0.0,0.32,198,4.0,0.0,7.1,0.0,0.0,3.99
published_zh_cssci,private/zh/ZH13.txt,zh,dcl,5452,0.92,3.48,2.2,0.73,0.0,0.0,0.37,110,4.5,0.0,9.1,0.0,0.0,3.78
published_zh_cssci,private/zh/ZH14.txt,zh,all,8793,0.91,3.64,0.45,1.59,0.23,0.0,2.96,166,4.2,0.6,2.4,0.0,0.0,4.0
published_zh_cssci,private/zh/ZH14.txt,zh,dcl,1353,0.0,2.22,1.48,2.96,1.48,0.0,0.74,22,0.0,0.0,9.1,0.0,0.0,
published_zh_cssci,private/zh/ZH15.txt,zh,all,10172,1.77,5.21,2.75,2.26,0.39,0.1,2.95,202,7.4,1.5,11.4,0.5,0.0,2.94
published_zh_cssci,private/zh/ZH15.txt,zh,dcl,2504,3.19,7.59,4.39,2.0,0.8,0.4,3.99,44,11.4,6.8,20.5,2.3,0.0,2.38
published_zh_cssci,private/zh/ZH16.txt,zh,all,12266,4.16,4.65,1.22,2.36,0.0,0.0,7.26,283,14.1,2.5,4.6,0.0,0.0,1.12
published_zh_cssci,private/zh/ZH16.txt,zh,dcl,3533,4.81,9.06,2.83,1.7,0.0,0.0,5.94,68,22.1,2.9,11.8,0.0,0.0,1.88
published_zh_cssci,private/zh/ZH17.txt,zh,all,8676,0.58,3.69,0.58,2.07,0.35,0.0,0.12,203,2.5,0.0,2.0,0.0,0.0,6.36
published_zh_cssci,private/zh/ZH17.txt,zh,dcl,3404,0.88,4.11,0.59,1.47,0.59,0.0,0.0,88,3.4,0.0,2.3,0.0,0.0,4.67
published_zh_cssci,private/zh/ZH18.txt,zh,all,10416,1.63,3.65,0.67,2.11,0.29,0.0,0.1,261,6.1,0.4,2.3,0.0,0.0,2.24
published_zh_cssci,private/zh/ZH18.txt,zh,dcl,6179,2.27,4.69,0.49,1.94,0.32,0.0,0.16,154,8.4,0.6,1.3,0.0,0.0,2.07
published_zh_cssci,private/zh/ZH19.txt,zh,all,12597,3.18,3.1,1.83,2.46,0.48,0.0,1.67,265,14.0,1.1,7.9,0.0,28.6,0.97
published_zh_cssci,private/zh/ZH19.txt,zh,dcl,2360,7.2,3.81,4.24,3.39,0.42,0.0,0.42,45,31.1,6.7,22.2,0.0,60.0,0.53
published_zh_cssci,private/zh/ZH20.txt,zh,all,7566,1.59,4.36,0.66,3.17,0.4,0.0,5.15,158,7.6,0.0,3.2,0.0,0.0,2.74
published_zh_cssci,private/zh/ZH20.txt,zh,dcl,1937,2.58,4.65,1.55,1.03,0.0,0.0,2.07,37,13.5,0.0,8.1,0.0,0.0,1.8
published_zh_cssci,private/zh/ZH21.txt,zh,all,13026,0.84,3.53,1.38,1.38,0.38,0.0,3.38,266,4.1,0.0,6.4,0.0,0.0,4.2
published_zh_cssci,private/zh/ZH21.txt,zh,dcl,3709,0.81,3.77,0.81,0.54,0.54,0.0,4.31,72,4.2,0.0,4.2,0.0,0.0,4.65
published_zh_cssci,private/zh/ZH22.txt,zh,all,13752,1.31,3.64,4.22,0.58,0.44,0.0,0.36,271,5.9,0.7,18.8,0.0,0.0,2.78
published_zh_cssci,private/zh/ZH22.txt,zh,dcl,748,0.0,0.0,2.67,0.0,1.34,0.0,0.0,17,0.0,0.0,11.8,0.0,0.0,
published_zh_cssci,private/zh/ZH23.txt,zh,all,10083,2.18,4.86,0.89,1.09,0.79,0.0,2.48,207,9.7,1.0,4.3,0.0,0.0,2.23
published_zh_cssci,private/zh/ZH23.txt,zh,dcl,2364,2.54,5.92,0.85,1.27,0.85,0.0,2.12,49,10.2,2.0,4.1,0.0,0.0,2.33
published_zh_cssci,private/zh/ZH24.txt,zh,all,13016,1.38,2.15,1.61,1.77,0.61,0.0,0.31,212,8.5,0.0,9.4,0.0,0.0,1.56
published_zh_cssci,private/zh/ZH24.txt,zh,dcl,2719,0.37,3.31,1.47,1.1,1.1,0.0,0.0,47,2.1,0.0,8.5,0.0,0.0,8.95
published_zh_cssci,private/zh/ZH25.txt,zh,all,12268,1.96,3.75,1.71,2.53,0.16,0.08,2.93,249,8.8,0.4,7.6,0.4,26.3,1.91
published_zh_cssci,private/zh/ZH25.txt,zh,dcl,3736,2.41,4.01,3.21,2.14,0.27,0.0,1.61,70,12.9,0.0,15.7,0.0,45.5,1.66
published_zh_cssci,private/zh/ZH26.txt,zh,all,6449,1.55,3.41,1.55,0.78,0.31,0.0,2.79,120,7.5,0.8,7.5,0.0,0.0,2.2
published_zh_cssci,private/zh/ZH26.txt,zh,dcl,2700,2.22,4.07,2.96,0.37,0.37,0.0,1.11,40,12.5,2.5,17.5,0.0,0.0,1.83
published_zh_cssci,private/zh/ZH27.txt,zh,all,9880,2.43,4.25,1.42,2.83,0.2,0.0,1.11,199,9.5,2.5,6.5,0.0,0.0,1.75
published_zh_cssci,private/zh/ZH27.txt,zh,dcl,3250,3.08,4.62,2.77,3.69,0.0,0.0,0.62,60,13.3,3.3,13.3,0.0,0.0,1.5
published_en_ssci,private/en/EN01.txt,en,all,6549,16.34,4.73,1.83,7.94,1.07,0.0,1.37,304,29.3,5.6,3.9,0.0,41.7,0.29
published_en_ssci,private/en/EN01.txt,en,dcl,1370,26.28,0.73,5.11,8.03,2.92,0.0,1.46,59,49.2,10.2,11.9,0.0,71.4,0.03
published_en_ssci,private/en/EN02.txt,en,all,7005,5.0,5.57,0.86,9.99,4.85,0.0,0.14,292,9.2,2.1,1.7,0.0,0.0,1.11
published_en_ssci,private/en/EN02.txt,en,dcl,1190,5.88,12.61,2.52,12.61,9.24,0.0,0.84,49,14.3,0.0,4.1,0.0,0.0,2.14
published_en_ssci,private/en/EN03.txt,en,all,8524,5.04,6.1,0.82,8.56,2.11,0.12,1.76,295,13.9,0.7,2.4,0.3,57.1,1.21
published_en_ssci,private/en/EN03.txt,en,dcl,1652,7.87,4.84,3.03,13.92,4.84,0.61,2.42,65,18.5,1.5,7.7,1.5,80.0,0.61
published_en_ssci,private/en/EN04.txt,en,all,8224,7.66,2.68,1.7,10.46,2.31,0.0,0.73,294,17.0,3.1,4.1,0.0,16.7,0.35
published_en_ssci,private/en/EN04.txt,en,dcl,1285,11.67,0.78,7.0,7.78,2.33,0.0,1.56,48,29.2,2.1,14.6,0.0,28.6,0.07
published_en_ssci,private/en/EN05.txt,en,all,4746,7.37,4.42,1.9,5.48,2.74,0.0,3.79,179,17.3,2.2,5.0,0.0,33.3,0.6
published_en_ssci,private/en/EN05.txt,en,dcl,964,11.41,2.07,4.15,16.6,7.26,0.0,6.22,38,28.9,0.0,10.5,0.0,75.0,0.18
published_en_ssci,private/en/EN06.txt,en,all,10159,15.85,3.15,1.57,2.66,3.35,0.1,0.69,441,28.6,6.8,3.6,0.2,6.2,0.2
published_en_ssci,private/en/EN06.txt,en,dcl,2415,21.12,5.8,1.24,7.04,7.04,0.41,0.83,111,35.1,9.0,2.7,0.9,33.3,0.27
published_en_ssci,private/en/EN07.txt,en,all,10965,5.56,5.56,2.1,5.38,0.91,0.09,5.84,444,11.9,1.4,4.5,0.2,50.0,1.0
published_en_ssci,private/en/EN07.txt,en,dcl,1755,8.55,8.55,7.98,10.83,5.13,0.57,4.56,65,18.5,3.1,16.9,1.5,90.9,1.0
published_en_ssci,private/en/EN08.txt,en,all,5750,9.74,6.96,2.09,11.48,2.43,0.17,2.61,227,21.1,2.6,4.8,0.4,0.0,0.71
published_en_ssci,private/en/EN08.txt,en,dcl,1351,17.76,8.88,6.66,21.47,5.18,0.74,0.74,50,40.0,6.0,16.0,2.0,0.0,0.5
published_en_ssci,private/en/EN09.txt,en,all,6524,10.42,3.37,2.15,5.67,0.61,0.0,3.07,242,24.8,2.9,5.8,0.0,71.4,0.32
published_en_ssci,private/en/EN09.txt,en,dcl,2219,18.03,3.15,5.86,4.96,0.9,0.0,2.25,90,41.1,3.3,14.4,0.0,76.9,0.17
published_en_ssci,private/en/EN10.txt,en,all,8045,6.46,4.97,0.75,2.98,2.61,0.25,0.87,300,15.0,1.7,2.0,0.7,33.3,0.77
published_en_ssci,private/en/EN10.txt,en,dcl,1998,10.01,7.01,1.5,8.01,2.5,0.5,3.0,73,21.9,4.1,4.1,1.4,66.7,0.7
published_en_ssci,private/en/EN11.txt,en,all,8937,10.18,4.81,1.68,2.91,1.9,0.22,1.9,410,19.3,2.7,3.4,0.5,57.1,0.47
published_en_ssci,private/en/EN11.txt,en,dcl,2238,16.09,8.94,4.02,4.47,4.92,0.0,3.57,97,33.0,4.1,8.2,0.0,100.0,0.56
published_en_ssci,private/en/EN12.txt,en,all,7805,9.48,3.59,1.02,10.51,0.51,0.26,1.67,288,21.5,3.5,2.8,0.3,25.0,0.38
published_en_ssci,private/en/EN12.txt,en,dcl,1346,20.06,5.94,1.49,11.89,0.74,1.49,0.74,53,45.3,5.7,3.8,1.9,100.0,0.3
published_en_ssci,private/en/EN13.txt,en,all,8365,7.17,5.14,2.87,14.47,1.67,0.24,0.6,316,16.1,2.8,6.3,0.6,40.0,0.72
published_en_ssci,private/en/EN13.txt,en,dcl,2315,11.23,4.75,7.34,18.14,1.73,0.86,0.43,73,30.1,5.5,19.2,2.7,57.1,0.42
published_en_ssci,private/en/EN14.txt,en,all,5536,9.03,3.61,0.54,11.2,0.9,0.0,4.7,214,18.2,4.2,1.4,0.0,0.0,0.4
published_en_ssci,private/en/EN14.txt,en,dcl,1350,16.3,2.96,2.22,15.56,1.48,0.0,2.96,44,38.6,9.1,6.8,0.0,0.0,0.18
published_en_ssci,private/en/EN15.txt,en,all,5244,13.92,2.48,0.76,4.96,2.67,0.19,0.19,179,29.6,9.5,2.2,0.6,50.0,0.18
published_en_ssci,private/en/EN15.txt,en,dcl,1661,17.46,4.21,2.41,10.84,6.62,0.6,0.6,60,31.7,13.3,6.7,1.7,50.0,0.24
published_original_en,../round5/private/original_discussion.md,en,all,904,18.81,11.06,4.42,46.46,2.21,0.0,11.06,32,31.2,18.8,12.5,0.0,0.0,0.59
skill_zh_discussion,../round5/outputs/skill/discussion.md,zh,all,1288,1.55,0.78,4.66,3.88,3.11,1.55,3.88,27,7.4,0.0,22.2,7.4,0.0,0.5
skill_zh_discussion,../round6/exploratory/D02_baseline/prose.md,zh,all,1990,2.51,5.53,3.02,4.52,2.01,2.51,3.52,50,10.0,0.0,12.0,10.0,0.0,2.2
skill_zh_discussion,../round6/exploratory/D02_candidate/prose.md,zh,all,2418,0.83,5.38,4.14,4.14,3.72,4.14,2.89,60,3.3,0.0,16.7,13.3,0.0,6.48
skill_zh_discussion,../round6/outputs/D03_baseline/prose.md,zh,all,2398,4.59,7.09,2.09,2.92,3.34,1.67,2.09,50,18.0,4.0,10.0,8.0,0.0,1.54
skill_zh_discussion,../round6/outputs/D03_candidate/prose.md,zh,all,2613,4.59,3.83,2.68,3.06,4.21,5.36,1.91,59,15.3,3.4,10.2,23.7,0.0,0.83
skill_zh_discussion,../round6/outputs/D03_candidate/prose.md,zh,dcl,2613,4.59,3.83,2.68,3.06,4.21,5.36,1.91,59,15.3,3.4,10.2,23.7,0.0,0.83
skill_zh_discussion,../round6/outputs/T02_baseline/prose.md,zh,all,1508,1.33,3.32,1.99,0.0,2.65,0.0,0.0,33,6.1,0.0,9.1,0.0,0.0,2.5
skill_zh_discussion,../round6/outputs/T02_candidate/prose.md,zh,all,1956,1.53,4.6,2.56,0.0,5.11,0.51,0.0,44,6.8,0.0,9.1,2.3,0.0,3.01
plain_prompt_zh_discussion,../round5/outputs/baseline/discussion.md,zh,all,1299,5.39,3.08,5.39,4.62,3.85,3.85,6.93,27,22.2,3.7,18.5,18.5,0.0,0.57
skill_en_manuscript,../round13/manuscript/final_word_delivery/manuscript.md,en,all,1850,4.86,3.24,1.08,0.0,1.08,4.32,0.54,118,7.6,0.0,1.7,6.8,0.0,0.67
skill_en_manuscript,../round13/manuscript/final_word_delivery/manuscript.md,en,dcl,524,9.54,1.91,1.91,0.0,1.91,3.82,0.0,29,17.2,0.0,3.4,6.9,0.0,0.2
skill_en_manuscript,../runs/manuscripts/luo-demo/delivery-v3/manuscript.md,en,all,2452,6.53,4.89,0.41,0.0,2.04,3.26,6.12,135,11.1,0.7,0.7,5.9,0.0,0.75
skill_en_manuscript,../runs/manuscripts/luo-demo/delivery-v3/manuscript.md,en,dcl,881,6.81,6.81,1.14,0.0,3.41,5.68,2.27,42,14.3,0.0,2.4,11.9,0.0,1.0
skill_en_sections,../round10/trials/full_argument/A/final.md,en,all,1876,10.13,9.59,4.26,1.6,1.6,5.33,1.07,105,15.2,2.9,6.7,9.5,0.0,0.95
skill_en_sections,../round10/trials/full_argument/A/final.md,en,dcl,1232,10.55,12.99,6.49,0.0,1.62,6.49,1.62,67,17.9,1.5,10.4,11.9,0.0,1.23
skill_en_sections,../round10/trials/full_argument/B/final.md,en,all,1816,9.91,8.81,3.85,1.1,2.2,3.3,0.0,104,14.4,2.9,5.8,5.8,0.0,0.89
skill_en_sections,../round10/trials/full_argument/B/final.md,en,dcl,1137,8.8,10.55,5.28,0.0,2.64,4.4,0.0,65,13.8,1.5,7.7,7.7,0.0,1.2
skill_en_sections,../round10/trials/full_argument/C/final.md,en,all,1727,8.11,7.53,4.63,1.16,1.74,4.05,0.0,102,11.8,2.0,7.8,6.9,0.0,0.93
skill_en_sections,../round10/trials/full_argument/C/final.md,en,dcl,1138,7.91,10.54,6.15,0.88,2.64,6.15,0.0,67,11.9,1.5,10.4,10.4,0.0,1.33
skill_en_sections,../round10/trials/synthesis/A/final.md,en,all,1858,18.84,5.92,1.61,0.0,2.15,3.23,4.31,106,27.4,5.7,2.8,5.7,0.0,0.31
skill_en_sections,../round10/trials/synthesis/B/final.md,en,all,1839,14.68,6.53,3.26,0.54,1.63,3.81,4.35,97,23.7,4.1,6.2,7.2,0.0,0.44
skill_en_sections,../round10/trials/synthesis/C/final.md,en,all,1806,10.52,4.98,3.88,0.55,1.66,3.88,4.98,96,17.7,2.1,7.3,7.3,0.0,0.47
skill_en_sections,../round9/trials/full_argument/candidate_first.md,en,all,1595,8.78,5.64,3.76,0.0,2.51,1.88,1.25,95,12.6,2.1,6.3,3.2,0.0,0.64
skill_en_sections,../round9/trials/full_argument/candidate_first.md,en,dcl,1015,10.84,8.87,5.91,0.0,2.96,2.96,1.97,63,15.9,1.6,9.5,4.8,0.0,0.82
skill_en_sections,../round9/trials/synthesis/candidate_first.md,en,all,1729,8.68,8.1,4.63,0.0,0.58,4.05,1.74,95,13.7,2.1,8.4,6.3,0.0,0.93
skill_en_sections,../runs/writing/trial-discussion/final.md,en,all,495,16.16,12.12,4.04,0.0,0.0,10.1,6.06,29,27.6,0.0,6.9,17.2,0.0,0.75
