group,lang,region,n_docs,units_total,hedge_per1k,booster_per1k,limitation_per1k,self_per1k,deontic_per1k,disclaimer_per1k,stat_sig_per1k,hedged_sent_pct,stacked_hedge_sent_pct,limitation_sent_pct,disclaimer_sent_pct,limitation_in_own_section_pct,booster_hedge_ratio
published_zh_cssci,zh,all,27,289917,1.55 [0.86–2.18],3.53 [2.59–4.22],1.22 [0.58–1.71],1.74 [1.28–2.36],0.39 [0.23–0.71],0.00 [0.00–0.00],2.48 [0.32–3.13],7.50 [4.20–9.60],0.50 [0.00–1.20],4.90 [2.30–7.80],0.00 [0.00–0.00],0.00 [0.00–0.00],2.23 [1.22–3.99]
published_zh_cssci,zh,dcl,27,77352,0.92 [0.33–2.58],3.77 [2.01–4.69],1.55 [0.59–2.67],1.47 [0.73–2.14],0.59 [0.00–1.16],0.00 [0.00–0.00],1.11 [0.00–2.55],5.90 [2.10–12.90],0.00 [0.00–2.00],8.50 [3.70–11.80],0.00 [0.00–0.00],0.00 [0.00–0.00],2.33 [1.58–3.99]
published_en_ssci,en,all,15,112378,9.03 [6.46–10.42],4.73 [3.37–5.56],1.68 [0.82–2.09],7.94 [4.96–10.51],2.11 [0.91–2.67],0.10 [0.00–0.22],1.67 [0.69–3.07],18.20 [15.00–24.80],2.80 [2.10–4.20],3.60 [2.20–4.80],0.20 [0.00–0.50],33.30 [6.20–50.00],0.47 [0.32–0.77]
published_en_ssci,en,dcl,15,25109,16.09 [10.01–18.03],4.84 [2.96–8.55],4.02 [2.22–6.66],10.84 [7.78–15.56],4.84 [1.73–6.62],0.41 [0.00–0.61],1.56 [0.74–3.00],31.70 [21.90–40.00],4.10 [2.10–9.00],8.20 [4.10–14.60],0.90 [0.00–1.70],66.70 [28.60–80.00],0.30 [0.18–0.61]
published_original_en,en,all,1,904,18.81 [18.81–18.81],11.06 [11.06–11.06],4.42 [4.42–4.42],46.46 [46.46–46.46],2.21 [2.21–2.21],0.00 [0.00–0.00],11.06 [11.06–11.06],31.20 [31.20–31.20],18.80 [18.80–18.80],12.50 [12.50–12.50],0.00 [0.00–0.00],0.00 [0.00–0.00],0.59 [0.59–0.59]
skill_zh_discussion,zh,all,7,14171,1.55 [1.33–4.59],4.60 [3.32–5.53],2.68 [2.09–4.14],3.06 [0.00–4.14],3.34 [2.65–4.21],1.67 [0.51–4.14],2.09 [0.00–3.52],7.40 [6.10–15.30],0.00 [0.00–3.40],10.20 [9.10–16.70],8.00 [2.30–13.30],0.00 [0.00–0.00],2.20 [0.83–3.01]
skill_zh_discussion,zh,dcl,1,2613,4.59 [4.59–4.59],3.83 [3.83–3.83],2.68 [2.68–2.68],3.06 [3.06–3.06],4.21 [4.21–4.21],5.36 [5.36–5.36],1.91 [1.91–1.91],15.30 [15.30–15.30],3.40 [3.40–3.40],10.20 [10.20–10.20],23.70 [23.70–23.70],0.00 [0.00–0.00],0.83 [0.83–0.83]
plain_prompt_zh_discussion,zh,all,1,1299,5.39 [5.39–5.39],3.08 [3.08–3.08],5.39 [5.39–5.39],4.62 [4.62–4.62],3.85 [3.85–3.85],3.85 [3.85–3.85],6.93 [6.93–6.93],22.20 [22.20–22.20],3.70 [3.70–3.70],18.50 [18.50–18.50],18.50 [18.50–18.50],0.00 [0.00–0.00],0.57 [0.57–0.57]
skill_en_manuscript,en,all,2,4302,5.70 [4.86–6.53],4.06 [3.24–4.89],0.74 [0.41–1.08],0.00 [0.00–0.00],1.56 [1.08–2.04],3.79 [3.26–4.32],3.33 [0.54–6.12],9.35 [7.60–11.10],0.35 [0.00–0.70],1.20 [0.70–1.70],6.35 [5.90–6.80],0.00 [0.00–0.00],0.71 [0.67–0.75]
skill_en_manuscript,en,dcl,2,1405,8.17 [6.81–9.54],4.36 [1.91–6.81],1.52 [1.14–1.91],0.00 [0.00–0.00],2.66 [1.91–3.41],4.75 [3.82–5.68],1.14 [0.00–2.27],15.75 [14.30–17.20],0.00 [0.00–0.00],2.90 [2.40–3.40],9.40 [6.90–11.90],0.00 [0.00–0.00],0.60 [0.20–1.00]
skill_en_sections,en,all,9,14741,10.13 [8.73–15.42],7.53 [5.78–9.20],3.88 [3.51–4.45],0.54 [0.00–1.13],1.66 [1.09–2.17],3.88 [3.26–4.69],1.74 [0.54–4.67],15.20 [13.15–25.55],2.10 [2.05–3.50],6.70 [6.00–7.55],6.90 [5.75–8.40],0.00 [0.00–0.00],0.75 [0.45–0.93]
skill_en_sections,en,dcl,4,4522,9.68 [8.13–10.77],10.54 [9.29–12.38],6.03 [5.44–6.40],0.00 [0.00–0.66],2.64 [1.88–2.88],5.28 [3.32–6.40],0.81 [0.00–1.88],14.85 [12.38–17.40],1.50 [1.50–1.58],9.95 [8.15–10.40],9.05 [5.52–11.53],0.00 [0.00–0.00],1.21 [0.92–1.31]
